dimension,value,p50_before_us,p50_after_us,p95_before_us,p95_after_us,p99_before_us,p99_after_us,p95_speedup
prefix_length,2,1216.4,6.4,6276.3,12.4,11554.3,22.2,506.2
prefix_length,3,141.6,4.6,1404.8,10.0,3336.9,18.2,140.5
prefix_length,4,25.8,3.1,333.9,7.4,870.4,11.3,45.1
prefix_length,6,4.5,0.9,28.4,4.2,85.8,6.5,6.8
prefix_length,8,1.6,0.6,6.0,1.9,11.5,3.2,3.2
k,1,49.9,1.1,451.4,2.6,978.2,4.1,173.6
k,5,115.4,4.5,1157.2,10.4,2831.8,19.1,111.3
k,10,136.6,10.5,1304.3,22.8,2971.1,41.5,57.2
k,20,173.0,22.9,1575.2,46.9,3650.8,80.4,33.6
